group,n,meanMakespan,meanEnergy,meanCost,meanImbalance,meanObjective
formalfull|E2_ablation|CBO|cbo_base|W0_equal|default_4_to_1|NONE|N1000,1,340.89985052,995.49446561,1285.64929863,1.65963727,1.56181243
formalfull|E2_ablation|CBO|cbo_base|W0_equal|default_4_to_1|NONE|N200,1,74.51420030,212.92141271,265.10549175,1.79413442,1.61177848
formalfull|E2_ablation|CBO|cbo_base|W0_equal|default_4_to_1|NONE|N2000,1,700.36708861,2045.72499444,2633.88948270,1.65817844,1.56844505
formalfull|E2_ablation|CBO|cbo_base|W0_equal|default_4_to_1|NONE|N500,1,175.63765823,509.30450726,653.29599472,1.70121045,1.57171469
formalfull|E2_ablation|CBO|cbo_base|W0_equal|default_4_to_1|NONE|N5000,1,1801.30632411,5212.62626081,6547.85595405,1.71368326,1.61065248
formalfull|E2_ablation|LSCBO|LSCBO_full|W0_equal|default_4_to_1|LEVY|N1000,1,284.02380952,866.41248781,1266.58689234,1.43605003,1.36975282
formalfull|E2_ablation|LSCBO|LSCBO_full|W0_equal|default_4_to_1|LEVY|N200,1,51.13865546,159.16289356,255.99845042,1.34968593,1.23352311
formalfull|E2_ablation|LSCBO|LSCBO_full|W0_equal|default_4_to_1|LEVY|N2000,1,615.31179321,1859.12910521,2616.97423983,1.48051972,1.42667232
formalfull|E2_ablation|LSCBO|LSCBO_full|W0_equal|default_4_to_1|LEVY|N500,1,136.23885714,421.08452189,642.24552511,1.37862087,1.30891566
formalfull|E2_ablation|LSCBO|LSCBO_full|W0_equal|default_4_to_1|LEVY|N5000,1,1617.40953947,4817.85349023,6526.87790940,1.55111459,1.48653983
formalfull|E2_ablation|LSCBO|ls_only|W0_equal|default_4_to_1|NONE|N1000,1,294.86350148,892.86915165,1273.56004240,1.47012371,1.40566786
formalfull|E2_ablation|LSCBO|ls_only|W0_equal|default_4_to_1|NONE|N200,1,53.92550143,164.99861328,256.05207353,1.42243301,1.28135748
formalfull|E2_ablation|LSCBO|ls_only|W0_equal|default_4_to_1|NONE|N2000,1,612.11842105,1847.19179821,2607.46223282,1.48644423,1.42262118
formalfull|E2_ablation|LSCBO|ls_only|W0_equal|default_4_to_1|NONE|N500,1,131.26809211,409.50614561,640.04481670,1.34025962,1.27566307
formalfull|E2_ablation|LSCBO|ls_only|W0_equal|default_4_to_1|NONE|N5000,1,1600.46381579,4778.12033614,6518.90469584,1.53957232,1.47544905
formalfull|E2_ablation|LSCBO|no_levy|W0_equal|default_4_to_1|NONE|N1000,1,278.95607613,856.04829713,1266.93534932,1.40943384,1.35185373
formalfull|E2_ablation|LSCBO|no_levy|W0_equal|default_4_to_1|NONE|N200,1,47.96081923,152.70074505,256.28346896,1.26201697,1.17852980
formalfull|E2_ablation|LSCBO|no_levy|W0_equal|default_4_to_1|NONE|N2000,1,618.57002801,1866.73066732,2618.43867114,1.48626465,1.43201068
formalfull|E2_ablation|LSCBO|no_levy|W0_equal|default_4_to_1|NONE|N500,1,127.78514589,400.76371553,637.36949086,1.31911119,1.25283690
formalfull|E2_ablation|LSCBO|no_levy|W0_equal|default_4_to_1|NONE|N5000,1,1719.25363489,5038.68648206,6542.46193685,1.63898623,1.55507184
formalfull|E2_ablation|LSCBO|no_local_search|W0_equal|default_4_to_1|LEVY|N1000,1,338.35032895,990.40642416,1286.05152994,1.64593593,1.55282789
formalfull|E2_ablation|LSCBO|no_local_search|W0_equal|default_4_to_1|LEVY|N200,1,76.61019737,218.23336470,266.80701634,1.81486020,1.64280940
formalfull|E2_ablation|LSCBO|no_local_search|W0_equal|default_4_to_1|LEVY|N2000,1,692.19169960,2021.88633679,2621.63760770,1.65806090,1.55681038
formalfull|E2_ablation|LSCBO|no_local_search|W0_equal|default_4_to_1|LEVY|N500,1,179.04846527,519.12558525,658.18340870,1.70201844,1.59101940
formalfull|E2_ablation|LSCBO|no_local_search|W0_equal|default_4_to_1|LEVY|N5000,1,1810.47233202,5226.96959732,6539.30143011,1.72802875,1.61758293
formalfull|E2_ablation|LSCBO|no_phase2|W0_equal|default_4_to_1|LEVY|N1000,1,280.44466403,860.85854993,1270.01159975,1.40820000,1.35622518
formalfull|E2_ablation|LSCBO|no_phase2|W0_equal|default_4_to_1|LEVY|N200,1,49.62197092,156.07996534,256.13674665,1.30774726,1.20725728
formalfull|E2_ablation|LSCBO|no_phase2|W0_equal|default_4_to_1|LEVY|N2000,1,604.21664050,1832.07077525,2609.87606856,1.46382368,1.40876412
formalfull|E2_ablation|LSCBO|no_phase2|W0_equal|default_4_to_1|LEVY|N500,1,140.33552632,430.53376118,643.89164645,1.41067641,1.33628940
formalfull|E2_ablation|LSCBO|no_phase2|W0_equal|default_4_to_1|LEVY|N5000,1,1674.32148627,4943.76799763,6540.10422224,1.59758816,1.52456305
formalfull|E2_ablation|LSCBO|no_phase3|W0_equal|default_4_to_1|LEVY|N1000,1,271.00988142,838.60022929,1265.32705738,1.37375067,1.32436749
formalfull|E2_ablation|LSCBO|no_phase3|W0_equal|default_4_to_1|LEVY|N200,1,48.84651712,154.29481441,255.83142673,1.29146749,1.19432445
formalfull|E2_ablation|LSCBO|no_phase3|W0_equal|default_4_to_1|LEVY|N2000,1,705.65064103,2057.94135381,2636.06560802,1.66725172,1.57699922
formalfull|E2_ablation|LSCBO|no_phase3|W0_equal|default_4_to_1|LEVY|N500,1,138.18971429,426.11647487,643.98732620,1.38857214,1.32143395
formalfull|E2_ablation|LSCBO|no_phase3|W0_equal|default_4_to_1|LEVY|N5000,1,1679.59968354,4955.68648365,6541.76425729,1.60160971,1.52805416
formalfull|E3_evolution|CBO|V1_CBO|W0_equal|default_4_to_1|NONE|N1000,1,342.34379906,999.91875508,1288.19821267,1.65843509,1.56586388
formalfull|E3_evolution|CBO|V1_CBO|W0_equal|default_4_to_1|NONE|N200,1,69.89240506,203.50338902,265.48478126,1.67672694,1.53421025
formalfull|E3_evolution|CBO|V1_CBO|W0_equal|default_4_to_1|NONE|N2000,1,711.53064275,2070.57110231,2636.74914884,1.68005916,1.58682891
formalfull|E3_evolution|CBO|V1_CBO|W0_equal|default_4_to_1|NONE|N500,1,176.05968170,513.59609126,659.43825790,1.66565982,1.56988457
formalfull|E3_evolution|CBO|V1_CBO|W0_equal|default_4_to_1|NONE|N5000,1,1778.51778656,5167.83088732,6552.68129758,1.68890201,1.59474485
formalfull|E3_evolution|LSCBO|V2_CBO_plus_Levy|W0_equal|default_4_to_1|LEVY|N1000,1,346.77867528,1010.23281749,1290.13273918,1.67364536,1.58047844
formalfull|E3_evolution|LSCBO|V2_CBO_plus_Levy|W0_equal|default_4_to_1|LEVY|N200,1,75.89795918,218.07244397,269.18825220,1.75831277,1.62617347
formalfull|E3_evolution|LSCBO|V2_CBO_plus_Levy|W0_equal|default_4_to_1|LEVY|N2000,1,691.84189723,2027.85066864,2633.68516393,1.63831134,1.55403524
formalfull|E3_evolution|LSCBO|V2_CBO_plus_Levy|W0_equal|default_4_to_1|LEVY|N500,1,179.09046053,519.44225908,658.59593938,1.69975143,1.59098653
formalfull|E3_evolution|LSCBO|V2_CBO_plus_Levy|W0_equal|default_4_to_1|LEVY|N5000,1,1806.13636364,5231.14353306,6563.07439586,1.70838465,1.61276745
formalfull|E3_evolution|LSCBO|V3_CBO_plus_LS|W0_equal|default_4_to_1|NONE|N1000,1,280.27140549,860.21479407,1269.50255874,1.40877038,1.35575767
formalfull|E3_evolution|LSCBO|V3_CBO_plus_LS|W0_equal|default_4_to_1|NONE|N200,1,52.05726405,161.24449217,256.30054571,1.36956261,1.24886633
formalfull|E3_evolution|LSCBO|V3_CBO_plus_LS|W0_equal|default_4_to_1|NONE|N2000,1,653.21677215,1942.41846873,2624.75142315,1.56004680,1.48999211
formalfull|E3_evolution|LSCBO|V3_CBO_plus_LS|W0_equal|default_4_to_1|NONE|N500,1,143.11973684,436.34888654,643.91808261,1.43851086,1.35548049
formalfull|E3_evolution|LSCBO|V3_CBO_plus_LS|W0_equal|default_4_to_1|NONE|N5000,1,1663.80063291,4921.73741970,6539.90238205,1.58767178,1.51739345
formalfull|E3_evolution|LSCBO|V4_CBO_plus_Levy_plus_LS|W0_equal|default_4_to_1|LEVY|N1000,1,274.41777188,847.09278278,1267.83406445,1.38399017,1.33567660
formalfull|E3_evolution|LSCBO|V4_CBO_plus_Levy_plus_LS|W0_equal|default_4_to_1|LEVY|N200,1,69.08483563,201.00356282,264.01347945,1.68108800,1.52361358
formalfull|E3_evolution|LSCBO|V4_CBO_plus_Levy_plus_LS|W0_equal|default_4_to_1|LEVY|N2000,1,609.07114625,1842.12788030,2609.77446111,1.47572990,1.41707166
formalfull|E3_evolution|LSCBO|V4_CBO_plus_Levy_plus_LS|W0_equal|default_4_to_1|LEVY|N500,1,135.26740506,418.30776115,640.89030109,1.37634049,1.30293766
formalfull|E3_evolution|LSCBO|V4_CBO_plus_Levy_plus_LS|W0_equal|default_4_to_1|LEVY|N5000,1,1649.09868421,4889.57506678,6537.14245441,1.57530205,1.50753575
formalfull|E3_evolution|LSCBO|V5_LSCBO_final|W0_equal|default_4_to_1|LEVY|N1000,1,284.35864297,869.04169793,1270.06384514,1.42770349,1.36992528
formalfull|E3_evolution|LSCBO|V5_LSCBO_final|W0_equal|default_4_to_1|LEVY|N200,1,49.02371542,154.82565313,256.12244282,1.29217555,1.19699394
formalfull|E3_evolution|LSCBO|V5_LSCBO_final|W0_equal|default_4_to_1|LEVY|N2000,1,615.87262079,1858.79645959,2614.27237429,1.48573267,1.42802261
formalfull|E3_evolution|LSCBO|V5_LSCBO_final|W0_equal|default_4_to_1|LEVY|N500,1,140.51934349,430.82816016,643.73225019,1.41343006,1.33764893
formalfull|E3_evolution|LSCBO|V5_LSCBO_final|W0_equal|default_4_to_1|LEVY|N5000,1,1607.57911392,4801.59127402,6534.47001602,1.53721017,1.47934263
formalfull|E4_main|AOA|AOA|W0_equal|default_4_to_1|NONE|N1000,1,346.81620553,1008.87656697,1287.55074979,1.68221155,1.58158528
formalfull|E4_main|AOA|AOA|W0_equal|default_4_to_1|NONE|N200,1,75.78486647,217.98646505,269.45758784,1.75132173,1.62379726
formalfull|E4_main|AOA|AOA|W0_equal|default_4_to_1|NONE|N2000,1,699.20094937,2040.01437859,2627.98339634,1.66472878,1.56754776
formalfull|E4_main|AOA|AOA|W0_equal|default_4_to_1|NONE|N500,1,178.90189873,516.19080936,653.45043660,1.73179134,1.59380721
formalfull|E4_main|AOA|AOA|W0_equal|default_4_to_1|NONE|N5000,1,1820.37944664,5255.68354740,6553.83486041,1.72789723,1.62318666
formalfull|E4_main|CBO|CBO|W0_equal|default_4_to_1|NONE|N1000,1,348.01923077,1012.75514462,1290.02084493,1.67999551,1.58480736
formalfull|E4_main|CBO|CBO|W0_equal|default_4_to_1|NONE|N200,1,75.05169628,214.57738500,266.07063194,1.79043339,1.61860568
formalfull|E4_main|CBO|CBO|W0_equal|default_4_to_1|NONE|N2000,1,704.19709208,2053.12956627,2632.85519897,1.66888097,1.57512488
formalfull|E4_main|CBO|CBO|W0_equal|default_4_to_1|NONE|N500,1,184.20569620,530.01492392,658.44460230,1.74930528,1.62568205
formalfull|E4_main|CBO|CBO|W0_equal|default_4_to_1|NONE|N5000,1,1756.11660079,5121.65940886,6553.57708298,1.66706234,1.57941052
formalfull|E4_main|DBO|DBO|W0_equal|default_4_to_1|NONE|N1000,1,343.18694362,1000.33092094,1285.77831912,1.67035208,1.56969042
formalfull|E4_main|DBO|DBO|W0_equal|default_4_to_1|NONE|N200,1,74.02982732,212.74900706,266.61156028,1.75698655,1.60055350
formalfull|E4_main|DBO|DBO|W0_equal|default_4_to_1|NONE|N2000,1,712.23517787,2071.66931038,2636.08391668,1.68277999,1.58814524
formalfull|E4_main|DBO|DBO|W0_equal|default_4_to_1|NONE|N500,1,179.56578947,519.88951011,657.61850767,1.71061040,1.59495748
formalfull|E4_main|DBO|DBO|W0_equal|default_4_to_1|NONE|N5000,1,1795.93675889,5204.36825467,6553.12741256,1.70515433,1.60658336
formalfull|E4_main|GTO|GTO|W0_equal|default_4_to_1|NONE|N1000,1,352.40384615,1018.08110434,1283.16526474,1.72398278,1.60269290
formalfull|E4_main|GTO|GTO|W0_equal|default_4_to_1|NONE|N200,1,67.96232339,199.32645723,265.20411030,1.63482719,1.50266835
formalfull|E4_main|GTO|GTO|W0_equal|default_4_to_1|NONE|N2000,1,715.65189873,2077.95071696,2634.57774527,1.69326284,1.59421466
formalfull|E4_main|GTO|GTO|W0_equal|default_4_to_1|NONE|N500,1,178.77059774,518.10332541,657.38534421,1.70454957,1.58975694
formalfull|E4_main|GTO|GTO|W0_equal|default_4_to_1|NONE|N5000,1,1759.34651899,5122.73134157,6543.39436862,1.67661115,1.58236657
formalfull|E4_main|GWO|GWO|W0_equal|default_4_to_1|NONE|N1000,1,350.29841897,1016.26937734,1287.79950807,1.69828217,1.59354183
formalfull|E4_main|GWO|GWO|W0_equal|default_4_to_1|NONE|N200,1,75.62019231,214.93763997,264.58723078,1.82989802,1.63134769
formalfull|E4_main|GWO|GWO|W0_equal|default_4_to_1|NONE|N2000,1,688.11462451,2021.94918625,2637.03976835,1.62432364,1.54713808
formalfull|E4_main|GWO|GWO|W0_equal|default_4_to_1|NONE|N500,1,178.15185784,517.59886655,658.79759291,1.68954968,1.58449032
formalfull|E4_main|GWO|GWO|W0_equal|default_4_to_1|NONE|N5000,1,1769.04743083,5152.34810060,6560.32611548,1.67504478,1.58772390
formalfull|E4_main|HHO|HHO|W0_equal|default_4_to_1|NONE|N1000,1,344.66023739,1005.06434188,1288.77362518,1.66779715,1.57366319
formalfull|E4_main|HHO|HHO|W0_equal|default_4_to_1|NONE|N200,1,75.37802908,215.95584729,267.32811608,1.77689666,1.62135457
formalfull|E4_main|HHO|HHO|W0_equal|default_4_to_1|NONE|N2000,1,710.35759494,2070.91366274,2641.76468692,1.66938142,1.58392682
formalfull|E4_main|HHO|HHO|W0_equal|default_4_to_1|NONE|N500,1,174.13814757,506.49390389,653.86007363,1.68300820,1.56106575
formalfull|E4_main|HHO|HHO|W0_equal|default_4_to_1|NONE|N5000,1,1784.76090468,5176.73177000,6545.29119343,1.69960149,1.59956449
formalfull|E4_main|LSCBO|LSCBO|W0_equal|default_4_to_1|LEVY|N1000,1,283.53955696,867.28255690,1269.96896382,1.42386236,1.36708197
formalfull|E4_main|LSCBO|LSCBO|W0_equal|default_4_to_1|LEVY|N200,1,62.27549824,184.92983238,260.61577988,1.56722203,1.41573411
formalfull|E4_main|LSCBO|LSCBO|W0_equal|default_4_to_1|LEVY|N2000,1,617.71567044,1860.71408407,2610.81266220,1.49517045,1.43168260
formalfull|E4_main|LSCBO|LSCBO|W0_equal|default_4_to_1|LEVY|N500,1,135.23669468,418.74521954,641.79289013,1.37099165,1.30223015
formalfull|E4_main|LSCBO|LSCBO|W0_equal|default_4_to_1|LEVY|N5000,1,1710.39556962,5020.66852913,6543.24736636,1.63005351,1.54897071
formalfull|E4_main|PSO|PSO|W0_equal|default_4_to_1|NONE|N1000,1,349.45387994,1018.12539186,1294.30735558,1.67307311,1.58816100
formalfull|E4_main|PSO|PSO|W0_equal|default_4_to_1|NONE|N200,1,74.65384615,214.32162567,267.10220313,1.76358217,1.60986385
formalfull|E4_main|PSO|PSO|W0_equal|default_4_to_1|NONE|N2000,1,708.31017771,2061.98615382,2633.37298548,1.67780506,1.58200047
formalfull|E4_main|PSO|PSO|W0_equal|default_4_to_1|NONE|N500,1,182.32937685,527.76946798,661.43897916,1.71201371,1.61066803
formalfull|E4_main|PSO|PSO|W0_equal|default_4_to_1|NONE|N5000,1,1771.56719368,5155.64468843,6556.81086288,1.67966693,1.58969979
formalfull|E4_main|WOA|WOA|W0_equal|default_4_to_1|NONE|N1000,1,344.07692308,1002.87941122,1287.02817866,1.67061863,1.57230023
formalfull|E4_main|WOA|WOA|W0_equal|default_4_to_1|NONE|N200,1,73.72213247,212.15356727,266.69362431,1.74832182,1.59529758
formalfull|E4_main|WOA|WOA|W0_equal|default_4_to_1|NONE|N2000,1,700.40226171,2044.07301587,2630.78402215,1.66315301,1.56907070
formalfull|E4_main|WOA|WOA|W0_equal|default_4_to_1|NONE|N500,1,174.75494071,510.96113540,659.58811605,1.65237889,1.56096873
formalfull|E4_main|WOA|WOA|W0_equal|default_4_to_1|NONE|N5000,1,1765.57905138,5135.53070647,6543.06122897,1.68276428,1.58664500
formalfull|perturbation|LSCBO|CAUCHY|W0_equal|default_4_to_1|CAUCHY|N1000,1,298.77960141,901.13339623,1273.75030795,1.48908348,1.41929669
formalfull|perturbation|LSCBO|CAUCHY|W0_equal|default_4_to_1|CAUCHY|N2000,1,640.13602392,1913.20934592,2621.22780798,1.53397018,1.46830518
formalfull|perturbation|LSCBO|CAUCHY|W0_equal|default_4_to_1|CAUCHY|N500,1,157.50951684,470.75381696,651.88528238,1.53400720,1.44921212
formalfull|perturbation|LSCBO|GAUSSIAN|W0_equal|default_4_to_1|GAUSSIAN|N1000,1,285.85131579,872.09348304,1269.95953526,1.43549860,1.37518553
formalfull|perturbation|LSCBO|GAUSSIAN|W0_equal|default_4_to_1|GAUSSIAN|N2000,1,643.26409496,1919.62756485,2621.05033565,1.54172830,1.47365614
formalfull|perturbation|LSCBO|GAUSSIAN|W0_equal|default_4_to_1|GAUSSIAN|N500,1,158.81602374,473.54574226,652.01134704,1.54597222,1.45804021
formalfull|perturbation|LSCBO|LEVY|W0_equal|default_4_to_1|LEVY|N1000,1,283.42459736,866.59130407,1269.15580721,1.42561364,1.36690904
formalfull|perturbation|LSCBO|LEVY|W0_equal|default_4_to_1|LEVY|N2000,1,609.15981013,1846.87767457,2617.99160125,1.46428349,1.41604530
formalfull|perturbation|LSCBO|LEVY|W0_equal|default_4_to_1|LEVY|N500,1,151.79671151,458.28886997,650.87139778,1.48423173,1.41085442
formalfull|perturbation|LSCBO|NONE|W0_equal|default_4_to_1|NONE|N1000,1,288.23617339,878.35311390,1272.28365479,1.44074877,1.38286781
formalfull|perturbation|LSCBO|NONE|W0_equal|default_4_to_1|NONE|N2000,1,616.66471449,1857.02567372,2608.11460834,1.49653594,1.43029469
formalfull|perturbation|LSCBO|NONE|W0_equal|default_4_to_1|NONE|N500,1,127.06292135,400.34899549,639.33133683,1.30111572,1.24683197
formalfull|perturbation|LSCBO|RANDOM_RESTART|W0_equal|default_4_to_1|RANDOM_RESTART|N1000,1,281.27354260,862.60881848,1270.05378851,1.41224239,1.35911800
formalfull|perturbation|LSCBO|RANDOM_RESTART|W0_equal|default_4_to_1|RANDOM_RESTART|N2000,1,623.16398243,1874.22615125,2614.70321313,1.50269763,1.44039427
formalfull|perturbation|LSCBO|RANDOM_RESTART|W0_equal|default_4_to_1|RANDOM_RESTART|N500,1,135.63636364,420.31882270,643.12661722,1.36764663,1.30427606
formalfull|vm_heterogeneity|AOA|AOA|W0_equal|heterogeneous_20_to_1|NONE|N1000,1,1504.71818182,3552.77374694,1524.43326268,5.00039564,4.88731305
formalfull|vm_heterogeneity|AOA|AOA|W0_equal|heterogeneous_20_to_1|NONE|N2000,1,3329.33636364,7799.33540246,3131.75343579,5.35679098,5.24584966
formalfull|vm_heterogeneity|AOA|AOA|W0_equal|heterogeneous_20_to_1|NONE|N500,1,622.65454545,1503.92062718,767.29168347,4.18335274,4.05735087
formalfull|vm_heterogeneity|AOA|AOA|W0_equal|medium_5_to_1|NONE|N1000,1,435.06944444,1209.09351308,1316.99160688,1.99625186,1.83250790
formalfull|vm_heterogeneity|AOA|AOA|W0_equal|medium_5_to_1|NONE|N2000,1,953.73529412,2612.60812565,2704.14834823,2.11717739,1.93551865
formalfull|vm_heterogeneity|AOA|AOA|W0_equal|medium_5_to_1|NONE|N500,1,216.70343137,606.20025961,673.71169965,1.94511533,1.79323466
formalfull|vm_heterogeneity|AOA|AOA|W0_equal|near_homogeneous_1_5_to_1|NONE|N1000,1,155.35505081,500.60704053,1090.64493242,1.21938440,1.14724514
formalfull|vm_heterogeneity|AOA|AOA|W0_equal|near_homogeneous_1_5_to_1|NONE|N2000,1,311.45335176,1011.76040096,2231.17972763,1.19199502,1.13225299
formalfull|vm_heterogeneity|AOA|AOA|W0_equal|near_homogeneous_1_5_to_1|NONE|N500,1,80.55094131,258.10790616,557.71730118,1.23903022,1.15464821
formalfull|vm_heterogeneity|CBO|CBO|W0_equal|heterogeneous_20_to_1|NONE|N1000,1,1553.92727273,3655.30449930,1524.45452602,5.16377860,5.03190648
formalfull|vm_heterogeneity|CBO|CBO|W0_equal|heterogeneous_20_to_1|NONE|N2000,1,3300.27927928,7749.34289360,3150.73098618,5.24596646,5.19198934
formalfull|vm_heterogeneity|CBO|CBO|W0_equal|heterogeneous_20_to_1|NONE|N500,1,653.93636364,1570.94655768,770.63154019,4.35443821,4.23132654
formalfull|vm_heterogeneity|CBO|CBO|W0_equal|medium_5_to_1|NONE|N1000,1,449.18837209,1239.66910295,1319.08168996,2.05315853,1.87835090
formalfull|vm_heterogeneity|CBO|CBO|W0_equal|medium_5_to_1|NONE|N2000,1,951.15686275,2609.23931062,2707.75359882,2.10471578,1.93039942
formalfull|vm_heterogeneity|CBO|CBO|W0_equal|medium_5_to_1|NONE|N500,1,222.83495146,619.27169276,674.24707901,1.99631410,1.83252842
formalfull|vm_heterogeneity|CBO|CBO|W0_equal|near_homogeneous_1_5_to_1|NONE|N1000,1,157.53846154,505.02171738,1090.40356051,1.23745979,1.15853102
formalfull|vm_heterogeneity|CBO|CBO|W0_equal|near_homogeneous_1_5_to_1|NONE|N2000,1,308.22020906,1004.29556448,2229.86730708,1.18199594,1.12439697
formalfull|vm_heterogeneity|CBO|CBO|W0_equal|near_homogeneous_1_5_to_1|NONE|N500,1,83.02069858,263.33708837,557.86823939,1.27583504,1.17916322
formalfull|vm_heterogeneity|DBO|DBO|W0_equal|heterogeneous_20_to_1|NONE|N1000,1,1515.04504505,3571.50496323,1519.42371489,5.06846410,4.92401077
formalfull|vm_heterogeneity|DBO|DBO|W0_equal|heterogeneous_20_to_1|NONE|N2000,1,3204.61818182,7529.38750684,3113.54040550,5.21727878,5.07847376
formalfull|vm_heterogeneity|DBO|DBO|W0_equal|heterogeneous_20_to_1|NONE|N500,1,707.21621622,1686.23295286,778.34760433,4.61438418,4.52146190
formalfull|vm_heterogeneity|DBO|DBO|W0_equal|medium_5_to_1|NONE|N1000,1,473.60930233,1292.46491258,1322.53565892,2.15119739,1.95747842
formalfull|vm_heterogeneity|DBO|DBO|W0_equal|medium_5_to_1|NONE|N2000,1,935.31395349,2579.63581077,2713.87820881,2.05849953,1.90321724
formalfull|vm_heterogeneity|DBO|DBO|W0_equal|medium_5_to_1|NONE|N500,1,235.35416667,647.03795072,677.27928630,2.08580605,1.91060700
formalfull|vm_heterogeneity|DBO|DBO|W0_equal|near_homogeneous_1_5_to_1|NONE|N1000,1,155.95632334,502.02403659,1090.94075334,1.22296795,1.15020316
formalfull|vm_heterogeneity|DBO|DBO|W0_equal|near_homogeneous_1_5_to_1|NONE|N2000,1,314.24964639,1016.33318716,2228.92463791,1.20686343,1.13969408
formalfull|vm_heterogeneity|DBO|DBO|W0_equal|near_homogeneous_1_5_to_1|NONE|N500,1,83.30694548,263.87495542,557.76297420,1.28106293,1.18211266
formalfull|vm_heterogeneity|GTO|GTO|W0_equal|heterogeneous_20_to_1|NONE|N1000,1,1415.23423423,3361.62269904,1515.92617989,4.75681817,4.63422951
formalfull|vm_heterogeneity|GTO|GTO|W0_equal|heterogeneous_20_to_1|NONE|N2000,1,3286.17272727,7714.98361498,3141.78385470,5.25342892,5.17746991
formalfull|vm_heterogeneity|GTO|GTO|W0_equal|heterogeneous_20_to_1|NONE|N500,1,693.66666667,1658.07225683,778.46916230,4.52454181,4.44345656
formalfull|vm_heterogeneity|GTO|GTO|W0_equal|medium_5_to_1|NONE|N1000,1,449.95343137,1241.70729949,1319.88147143,2.05365250,1.88047834
formalfull|vm_heterogeneity|GTO|GTO|W0_equal|medium_5_to_1|NONE|N2000,1,954.14460784,2612.42183051,2702.27809051,2.12160937,1.93667623
formalfull|vm_heterogeneity|GTO|GTO|W0_equal|medium_5_to_1|NONE|N500,1,229.40152964,633.56704177,675.35403904,2.04702211,1.87402253
formalfull|vm_heterogeneity|GTO|GTO|W0_equal|near_homogeneous_1_5_to_1|NONE|N1000,1,152.36763662,494.53214071,1090.91291595,1.19493076,1.13183869
formalfull|vm_heterogeneity|GTO|GTO|W0_equal|near_homogeneous_1_5_to_1|NONE|N2000,1,310.38409602,1009.08488115,2230.37350097,1.18937072,1.12972577
formalfull|vm_heterogeneity|GTO|GTO|W0_equal|near_homogeneous_1_5_to_1|NONE|N500,1,82.09407666,261.73656587,558.46213110,1.25700607,1.16941196
formalfull|vm_heterogeneity|GWO|GWO|W0_equal|heterogeneous_20_to_1|NONE|N1000,1,1543.07207207,3627.19935944,1514.57227671,5.19595870,5.01294384
formalfull|vm_heterogeneity|GWO|GWO|W0_equal|heterogeneous_20_to_1|NONE|N2000,1,3147.17272727,7415.80961186,3124.52064907,5.08737714,4.98890297
formalfull|vm_heterogeneity|GWO|GWO|W0_equal|heterogeneous_20_to_1|NONE|N500,1,699.17117117,1666.13306614,772.33672716,4.63459877,4.48852990
formalfull|vm_heterogeneity|GWO|GWO|W0_equal|medium_5_to_1|NONE|N1000,1,455.65776699,1251.52447673,1316.16113190,2.09390989,1.90138298
formalfull|vm_heterogeneity|GWO|GWO|W0_equal|medium_5_to_1|NONE|N2000,1,941.98774510,2584.14699508,2696.97162203,2.10451043,1.91833956
formalfull|vm_heterogeneity|GWO|GWO|W0_equal|medium_5_to_1|NONE|N500,1,217.29831144,607.04142821,672.99500286,1.95548681,1.79776010
formalfull|vm_heterogeneity|GWO|GWO|W0_equal|near_homogeneous_1_5_to_1|NONE|N1000,1,155.63668061,501.32849190,1090.88743312,1.22066555,1.14858829
formalfull|vm_heterogeneity|GWO|GWO|W0_equal|near_homogeneous_1_5_to_1|NONE|N2000,1,308.26362957,1004.18335977,2229.50251169,1.18282435,1.12457352
formalfull|vm_heterogeneity|GWO|GWO|W0_equal|near_homogeneous_1_5_to_1|NONE|N500,1,82.73114264,262.92290806,558.20854960,1.26873117,1.17597797
formalfull|vm_heterogeneity|HHO|HHO|W0_equal|heterogeneous_20_to_1|NONE|N1000,1,1402.43636364,3335.07340762,1516.12947009,4.71251457,4.59625923
formalfull|vm_heterogeneity|HHO|HHO|W0_equal|heterogeneous_20_to_1|NONE|N2000,1,3369.45945946,7885.39077186,3136.19149138,5.40590696,5.30046617
formalfull|vm_heterogeneity|HHO|HHO|W0_equal|heterogeneous_20_to_1|NONE|N500,1,671.22522523,1612.56924740,780.71915072,4.35261288,4.31016180
formalfull|vm_heterogeneity|HHO|HHO|W0_equal|medium_5_to_1|NONE|N1000,1,444.53921569,1228.57381768,1316.54451300,2.04137760,1.86421179
formalfull|vm_heterogeneity|HHO|HHO|W0_equal|medium_5_to_1|NONE|N2000,1,938.75813953,2577.72786789,2697.52821395,2.09625244,1.91294615
formalfull|vm_heterogeneity|HHO|HHO|W0_equal|medium_5_to_1|NONE|N500,1,230.01805054,634.31883210,674.39530825,2.05957142,1.87898324
formalfull|vm_heterogeneity|HHO|HHO|W0_equal|near_homogeneous_1_5_to_1|NONE|N1000,1,156.76842837,503.48010034,1090.51627422,1.23097526,1.15453845
formalfull|vm_heterogeneity|HHO|HHO|W0_equal|near_homogeneous_1_5_to_1|NONE|N2000,1,312.14868421,1011.63365747,2228.34409265,1.19986483,1.13453680
formalfull|vm_heterogeneity|HHO|HHO|W0_equal|near_homogeneous_1_5_to_1|NONE|N500,1,83.26031508,263.96207586,558.09465500,1.27773904,1.18135340
formalfull|vm_heterogeneity|LSCBO|LSCBO|W0_equal|heterogeneous_20_to_1|LEVY|N1000,1,672.76369863,1768.67991096,1432.89366986,2.54541637,2.48175194
formalfull|vm_heterogeneity|LSCBO|LSCBO|W0_equal|heterogeneous_20_to_1|LEVY|N2000,1,1897.58558559,4749.39450423,3010.92523668,3.31059498,3.23122404
formalfull|vm_heterogeneity|LSCBO|LSCBO|W0_equal|heterogeneous_20_to_1|LEVY|N500,1,244.86710963,682.13282485,704.77652359,1.97736642,1.90367154
formalfull|vm_heterogeneity|LSCBO|LSCBO|W0_equal|medium_5_to_1|LEVY|N1000,1,329.92340426,975.79669072,1291.35497733,1.58854913,1.49087743
formalfull|vm_heterogeneity|LSCBO|LSCBO|W0_equal|medium_5_to_1|LEVY|N2000,1,783.94371482,2241.88395169,2673.56325746,1.78884208,1.66604363
formalfull|vm_heterogeneity|LSCBO|LSCBO|W0_equal|medium_5_to_1|LEVY|N500,1,178.59767442,518.93060671,659.52291300,1.68913005,1.55558419
formalfull|vm_heterogeneity|LSCBO|LSCBO|W0_equal|near_homogeneous_1_5_to_1|LEVY|N1000,1,136.32258065,459.62968438,1088.25745447,1.07807922,1.05046977
formalfull|vm_heterogeneity|LSCBO|LSCBO|W0_equal|near_homogeneous_1_5_to_1|LEVY|N2000,1,286.24964639,956.93657578,2227.01073743,1.10257220,1.06976770
formalfull|vm_heterogeneity|LSCBO|LSCBO|W0_equal|near_homogeneous_1_5_to_1|LEVY|N500,1,72.10314465,239.90072267,556.62360835,1.11660056,1.07103888
formalfull|vm_heterogeneity|PSO|PSO|W0_equal|heterogeneous_20_to_1|NONE|N1000,1,1582.21621622,3713.21334013,1522.60690143,5.27072857,5.11750945
formalfull|vm_heterogeneity|PSO|PSO|W0_equal|heterogeneous_20_to_1|NONE|N2000,1,3325.10909091,7781.79190251,3116.02740861,5.40469065,5.25026482
formalfull|vm_heterogeneity|PSO|PSO|W0_equal|heterogeneous_20_to_1|NONE|N500,1,669.20720721,1601.76715416,768.84295046,4.47745424,4.32331970
formalfull|vm_heterogeneity|PSO|PSO|W0_equal|medium_5_to_1|NONE|N1000,1,440.94444444,1221.49012715,1317.27426220,2.02215940,1.85189195
formalfull|vm_heterogeneity|PSO|PSO|W0_equal|medium_5_to_1|NONE|N2000,1,936.87268519,2575.86933440,2701.25330748,2.08510452,1.90891913
formalfull|vm_heterogeneity|PSO|PSO|W0_equal|medium_5_to_1|NONE|N500,1,223.59313725,621.70195440,675.77835321,1.99217481,1.83598569
formalfull|vm_heterogeneity|PSO|PSO|W0_equal|near_homogeneous_1_5_to_1|NONE|N1000,1,156.10878661,502.29854882,1090.86313809,1.22446163,1.15101580
formalfull|vm_heterogeneity|PSO|PSO|W0_equal|near_homogeneous_1_5_to_1|NONE|N2000,1,307.49365198,1003.01645102,2230.28949192,1.17844648,1.12249811
formalfull|vm_heterogeneity|PSO|PSO|W0_equal|near_homogeneous_1_5_to_1|NONE|N500,1,84.86098655,267.79490400,558.99122765,1.29517528,1.19649925
formalfull|vm_heterogeneity|WOA|WOA|W0_equal|heterogeneous_20_to_1|NONE|N1000,1,1428.11818182,3388.82033295,1516.56711749,4.79599031,4.67145034
formalfull|vm_heterogeneity|WOA|WOA|W0_equal|heterogeneous_20_to_1|NONE|N2000,1,3312.52727273,7760.48592008,3124.85845841,5.35350197,5.22626789
formalfull|vm_heterogeneity|WOA|WOA|W0_equal|heterogeneous_20_to_1|NONE|N500,1,619.12727273,1496.48681249,767.13808975,4.16137219,4.03724491
formalfull|vm_heterogeneity|WOA|WOA|W0_equal|medium_5_to_1|NONE|N1000,1,460.63657407,1264.72751683,1321.25607752,2.09714898,1.91518768
formalfull|vm_heterogeneity|WOA|WOA|W0_equal|medium_5_to_1|NONE|N2000,1,929.27205882,2556.71166653,2695.27185417,2.07926048,1.89811541
formalfull|vm_heterogeneity|WOA|WOA|W0_equal|medium_5_to_1|NONE|N500,1,229.50930233,633.35560322,674.56930207,2.05373628,1.87550748
formalfull|vm_heterogeneity|WOA|WOA|W0_equal|near_homogeneous_1_5_to_1|NONE|N1000,1,157.05762305,503.87768125,1090.14743981,1.23467639,1.15617535
formalfull|vm_heterogeneity|WOA|WOA|W0_equal|near_homogeneous_1_5_to_1|NONE|N2000,1,309.70579915,1007.77897423,2230.56648180,1.18642060,1.12799002
formalfull|vm_heterogeneity|WOA|WOA|W0_equal|near_homogeneous_1_5_to_1|NONE|N500,1,81.93099042,261.06764491,557.86964679,1.25907787,1.16829048
formalfull|weight_sensitivity|AOA|AOA|W0_equal|default_4_to_1|NONE|N100,1,42.11510791,118.84308071,142.04186560,1.88061257,1.62612971
formalfull|weight_sensitivity|AOA|AOA|W0_equal|default_4_to_1|NONE|N1000,1,350.34615385,1014.89590190,1285.14824649,1.70729152,1.59475226
formalfull|weight_sensitivity|AOA|AOA|W0_equal|default_4_to_1|NONE|N300,1,108.59968354,310.13569017,382.63510401,1.79806244,1.63269108
formalfull|weight_sensitivity|AOA|AOA|W0_equal|default_4_to_1|NONE|N500,1,170.05128205,501.06035243,659.40542668,1.60901565,1.52934277
formalfull|weight_sensitivity|AOA|AOA|W0_equal|default_4_to_1|NONE|N800,1,289.07378336,839.99005407,1067.17920972,1.68869102,1.58911212
formalfull|weight_sensitivity|AOA|AOA|W1_makespan_priority|default_4_to_1|NONE|N100,1,42.11510791,118.84308071,142.04186560,1.88061257,1.78067231
formalfull|weight_sensitivity|AOA|AOA|W1_makespan_priority|default_4_to_1|NONE|N1000,1,350.34615385,1014.89590190,1285.14824649,1.70729152,1.74560210
formalfull|weight_sensitivity|AOA|AOA|W1_makespan_priority|default_4_to_1|NONE|N300,1,108.59968354,310.13569017,382.63510401,1.79806244,1.78996304
formalfull|weight_sensitivity|AOA|AOA|W1_makespan_priority|default_4_to_1|NONE|N500,1,170.05128205,501.06035243,659.40542668,1.60901565,1.66451302
formalfull|weight_sensitivity|AOA|AOA|W1_makespan_priority|default_4_to_1|NONE|N800,1,289.02668760,839.56889913,1066.59773994,1.69071310,1.73944374
formalfull|weight_sensitivity|AOA|AOA|W2_energy_priority|default_4_to_1|NONE|N100,1,43.26679842,121.30781652,142.15955067,1.92798756,1.68080767
formalfull|weight_sensitivity|AOA|AOA|W2_energy_priority|default_4_to_1|NONE|N1000,1,350.34615385,1014.89590190,1285.14824649,1.70729152,1.61564128
formalfull|weight_sensitivity|AOA|AOA|W2_energy_priority|default_4_to_1|NONE|N300,1,108.59968354,310.13569017,382.63510401,1.79806244,1.64817958
formalfull|weight_sensitivity|AOA|AOA|W2_energy_priority|default_4_to_1|NONE|N500,1,170.05128205,501.06035243,659.40542668,1.60901565,1.55235836
formalfull|weight_sensitivity|AOA|AOA|W2_energy_priority|default_4_to_1|NONE|N800,1,282.18545994,825.35889541,1066.67433695,1.65039832,1.58341847
formalfull|weight_sensitivity|AOA|AOA|W3_cost_priority|default_4_to_1|NONE|N100,1,43.26679842,121.30781652,142.15955067,1.92798756,1.41681031
formalfull|weight_sensitivity|AOA|AOA|W3_cost_priority|default_4_to_1|NONE|N1000,1,350.34615385,1014.89590190,1285.14824649,1.70729152,1.37992499
formalfull|weight_sensitivity|AOA|AOA|W3_cost_priority|default_4_to_1|NONE|N300,1,108.59968354,310.13569017,382.63510401,1.79806244,1.39938800
formalfull|weight_sensitivity|AOA|AOA|W3_cost_priority|default_4_to_1|NONE|N500,1,170.05128205,501.06035243,659.40542668,1.60901565,1.34163941
formalfull|weight_sensitivity|AOA|AOA|W3_cost_priority|default_4_to_1|NONE|N800,1,282.18545994,825.35889541,1066.67433695,1.65039832,1.36047677
formalfull|weight_sensitivity|AOA|AOA|W4_balance_priority|default_4_to_1|NONE|N100,1,41.97435897,118.53950462,142.02323716,1.87495142,1.67643448
formalfull|weight_sensitivity|AOA|AOA|W4_balance_priority|default_4_to_1|NONE|N1000,1,350.34615385,1014.89590190,1285.14824649,1.70729152,1.63784068
formalfull|weight_sensitivity|AOA|AOA|W4_balance_priority|default_4_to_1|NONE|N300,1,105.59294872,304.69186825,384.11148016,1.73135205,1.64462222
formalfull|weight_sensitivity|AOA|AOA|W4_balance_priority|default_4_to_1|NONE|N500,1,170.05128205,501.06035243,659.40542668,1.60901565,1.55886029
formalfull|weight_sensitivity|AOA|AOA|W4_balance_priority|default_4_to_1|NONE|N800,1,289.07378336,839.99005407,1067.17920972,1.68869102,1.62709553
formalfull|weight_sensitivity|CBO|CBO|W0_equal|default_4_to_1|NONE|N100,1,42.76436108,120.12724193,141.91865643,1.91381616,1.64597254
formalfull|weight_sensitivity|CBO|CBO|W0_equal|default_4_to_1|NONE|N1000,1,334.53955696,983.65488783,1288.18915950,1.62065700,1.53886460
formalfull|weight_sensitivity|CBO|CBO|W0_equal|default_4_to_1|NONE|N300,1,107.10416667,308.13550154,384.64295277,1.75003059,1.61248399
formalfull|weight_sensitivity|CBO|CBO|W0_equal|default_4_to_1|NONE|N500,1,175.84210526,512.30498022,657.93016966,1.67315016,1.56952467
formalfull|weight_sensitivity|CBO|CBO|W0_equal|default_4_to_1|NONE|N800,1,286.87183544,834.58052217,1065.69935700,1.68164289,1.58059421
formalfull|weight_sensitivity|CBO|CBO|W1_makespan_priority|default_4_to_1|NONE|N100,1,42.76436108,120.12724193,141.91865643,1.91381616,1.80498793
formalfull|weight_sensitivity|CBO|CBO|W1_makespan_priority|default_4_to_1|NONE|N1000,1,334.53955696,983.65488783,1288.18915950,1.62065700,1.67648337
formalfull|weight_sensitivity|CBO|CBO|W1_makespan_priority|default_4_to_1|NONE|N300,1,107.77056962,309.05978040,383.80764365,1.77058567,1.77697959
formalfull|weight_sensitivity|CBO|CBO|W1_makespan_priority|default_4_to_1|NONE|N500,1,175.84210526,512.30498022,657.93016966,1.67315016,1.71405689
formalfull|weight_sensitivity|CBO|CBO|W1_makespan_priority|default_4_to_1|NONE|N800,1,286.87183544,834.58052217,1065.69935700,1.68164289,1.72842950
formalfull|weight_sensitivity|CBO|CBO|W2_energy_priority|default_4_to_1|NONE|N100,1,40.57894737,115.97298236,142.63629061,1.79297990,1.60166914
formalfull|weight_sensitivity|CBO|CBO|W2_energy_priority|default_4_to_1|NONE|N1000,1,334.53955696,983.65488783,1288.18915950,1.62065700,1.56182950
formalfull|weight_sensitivity|CBO|CBO|W2_energy_priority|default_4_to_1|NONE|N300,1,107.77056962,309.05978040,383.80764365,1.77058567,1.63906345
formalfull|weight_sensitivity|CBO|CBO|W2_energy_priority|default_4_to_1|NONE|N500,1,175.84210526,512.30498022,657.93016966,1.67315016,1.59071241
formalfull|weight_sensitivity|CBO|CBO|W2_energy_priority|default_4_to_1|NONE|N800,1,286.87183544,834.58052217,1065.69935700,1.68164289,1.60266662
formalfull|weight_sensitivity|CBO|CBO|W3_cost_priority|default_4_to_1|NONE|N100,1,40.57894737,115.97298236,142.63629061,1.79297990,1.36920184
formalfull|weight_sensitivity|CBO|CBO|W3_cost_priority|default_4_to_1|NONE|N1000,1,334.53955696,983.65488783,1288.18915950,1.62065700,1.34739347
formalfull|weight_sensitivity|CBO|CBO|W3_cost_priority|default_4_to_1|NONE|N300,1,107.77056962,309.05978040,383.80764365,1.77058567,1.39387757
formalfull|weight_sensitivity|CBO|CBO|W3_cost_priority|default_4_to_1|NONE|N500,1,175.84210526,512.30498022,657.93016966,1.67315016,1.36479988
formalfull|weight_sensitivity|CBO|CBO|W3_cost_priority|default_4_to_1|NONE|N800,1,286.87183544,834.58052217,1065.69935700,1.68164289,1.37210749
formalfull|weight_sensitivity|CBO|CBO|W4_balance_priority|default_4_to_1|NONE|N100,1,42.67500000,120.19391788,142.37377718,1.89438323,1.69536952
formalfull|weight_sensitivity|CBO|CBO|W4_balance_priority|default_4_to_1|NONE|N1000,1,334.53955696,983.65488783,1288.18915950,1.62065700,1.56975207
formalfull|weight_sensitivity|CBO|CBO|W4_balance_priority|default_4_to_1|NONE|N300,1,109.68916797,314.31372501,386.07000012,1.77570642,1.68887289
formalfull|weight_sensitivity|CBO|CBO|W4_balance_priority|default_4_to_1|NONE|N500,1,171.20408163,501.21026884,655.35227778,1.64516058,1.57965995
formalfull|weight_sensitivity|CBO|CBO|W4_balance_priority|default_4_to_1|NONE|N800,1,277.82390953,816.04575038,1066.26648993,1.62644108,1.57430437
formalfull|weight_sensitivity|DBO|DBO|W0_equal|default_4_to_1|NONE|N100,1,41.30379747,117.40237785,142.49101462,1.82970535,1.60025162
formalfull|weight_sensitivity|DBO|DBO|W0_equal|default_4_to_1|NONE|N1000,1,342.61217949,999.44318558,1286.33576096,1.66574682,1.56748815
formalfull|weight_sensitivity|DBO|DBO|W0_equal|default_4_to_1|NONE|N300,1,105.96358543,304.56362769,382.49075947,1.75609585,1.60238111
formalfull|weight_sensitivity|DBO|DBO|W0_equal|default_4_to_1|NONE|N500,1,182.92730210,526.60553407,657.10167845,1.74607214,1.61812817
formalfull|weight_sensitivity|DBO|DBO|W0_equal|default_4_to_1|NONE|N800,1,286.93376414,834.05828103,1064.52709035,1.68664204,1.58139860
formalfull|weight_sensitivity|DBO|DBO|W1_makespan_priority|default_4_to_1|NONE|N100,1,41.30379747,117.40237785,142.49101462,1.82970535,1.74963794
formalfull|weight_sensitivity|DBO|DBO|W1_makespan_priority|default_4_to_1|NONE|N1000,1,338.93256579,990.10819615,1283.33133135,1.65754175,1.69657064
formalfull|weight_sensitivity|DBO|DBO|W1_makespan_priority|default_4_to_1|NONE|N300,1,105.96358543,304.56362769,382.49075947,1.75609585,1.75210704
formalfull|weight_sensitivity|DBO|DBO|W1_makespan_priority|default_4_to_1|NONE|N500,1,181.97596154,525.58655663,658.83504616,1.72557140,1.76546351
formalfull|weight_sensitivity|DBO|DBO|W1_makespan_priority|default_4_to_1|NONE|N800,1,286.93376414,834.05828103,1064.52709035,1.68664204,1.72908053
formalfull|weight_sensitivity|DBO|DBO|W2_energy_priority|default_4_to_1|NONE|N100,1,41.30379747,117.40237785,142.49101462,1.82970535,1.62296491
formalfull|weight_sensitivity|DBO|DBO|W2_energy_priority|default_4_to_1|NONE|N1000,1,342.61217949,999.44318558,1286.33576096,1.66574682,1.58925213
formalfull|weight_sensitivity|DBO|DBO|W2_energy_priority|default_4_to_1|NONE|N300,1,105.96358543,304.56362769,382.49075947,1.75609585,1.61798180
formalfull|weight_sensitivity|DBO|DBO|W2_energy_priority|default_4_to_1|NONE|N500,1,180.80775444,522.03478960,656.82264212,1.72768133,1.62372212
formalfull|weight_sensitivity|DBO|DBO|W2_energy_priority|default_4_to_1|NONE|N800,1,286.93376414,834.05828103,1064.52709035,1.68664204,1.60273981
formalfull|weight_sensitivity|DBO|DBO|W3_cost_priority|default_4_to_1|NONE|N100,1,41.30379747,117.40237785,142.49101462,1.82970535,1.38199764
formalfull|weight_sensitivity|DBO|DBO|W3_cost_priority|default_4_to_1|NONE|N1000,1,342.61217949,999.44318558,1286.33576096,1.66574682,1.36395745
formalfull|weight_sensitivity|DBO|DBO|W3_cost_priority|default_4_to_1|NONE|N300,1,105.96358543,304.56362769,382.49075947,1.75609585,1.38104366
formalfull|weight_sensitivity|DBO|DBO|W3_cost_priority|default_4_to_1|NONE|N500,1,180.80775444,522.03478960,656.82264212,1.72768133,1.38477149
formalfull|weight_sensitivity|DBO|DBO|W3_cost_priority|default_4_to_1|NONE|N800,1,286.93376414,834.05828103,1064.52709035,1.68664204,1.37212400
formalfull|weight_sensitivity|DBO|DBO|W4_balance_priority|default_4_to_1|NONE|N100,1,43.02471910,121.96239069,144.24558160,1.84847096,1.68002087
formalfull|weight_sensitivity|DBO|DBO|W4_balance_priority|default_4_to_1|NONE|N1000,1,342.61217949,999.44318558,1286.33576096,1.66574682,1.60491123
formalfull|weight_sensitivity|DBO|DBO|W4_balance_priority|default_4_to_1|NONE|N300,1,108.20771513,311.43785260,386.44887792,1.74743673,1.66713142
formalfull|weight_sensitivity|DBO|DBO|W4_balance_priority|default_4_to_1|NONE|N500,1,177.42687747,515.03640814,656.90384414,1.69484985,1.62408108
formalfull|weight_sensitivity|DBO|DBO|W4_balance_priority|default_4_to_1|NONE|N800,1,286.93376414,834.05828103,1064.52709035,1.68664204,1.62165007
formalfull|weight_sensitivity|GTO|GTO|W0_equal|default_4_to_1|NONE|N100,1,43.16826923,120.54451662,141.15509530,1.95866418,1.66137033
formalfull|weight_sensitivity|GTO|GTO|W0_equal|default_4_to_1|NONE|N1000,1,342.14862682,1000.45601012,1289.89716765,1.65205083,1.56456522
formalfull|weight_sensitivity|GTO|GTO|W0_equal|default_4_to_1|NONE|N300,1,107.01778656,307.72425505,384.22663449,1.75339011,1.61207495
formalfull|weight_sensitivity|GTO|GTO|W0_equal|default_4_to_1|NONE|N500,1,175.86397608,509.91382324,653.54407151,1.70176690,1.57305671
formalfull|weight_sensitivity|GTO|GTO|W0_equal|default_4_to_1|NONE|N800,1,294.40345369,851.79774823,1068.44679549,1.71474651,1.61076685
formalfull|weight_sensitivity|GTO|GTO|W1_makespan_priority|default_4_to_1|NONE|N100,1,42.74110672,120.53259477,142.73549539,1.88520944,1.80211829
formalfull|weight_sensitivity|GTO|GTO|W1_makespan_priority|default_4_to_1|NONE|N1000,1,342.14862682,1000.45601012,1289.89716765,1.65205083,1.70903440
formalfull|weight_sensitivity|GTO|GTO|W1_makespan_priority|default_4_to_1|NONE|N300,1,107.01778656,307.72425505,384.22663449,1.75339011,1.76578958
formalfull|weight_sensitivity|GTO|GTO|W1_makespan_priority|default_4_to_1|NONE|N500,1,176.31645570,511.21832437,654.19537500,1.70185506,1.71979480
formalfull|weight_sensitivity|GTO|GTO|W1_makespan_priority|default_4_to_1|NONE|N800,1,287.86234177,836.81159541,1066.00089009,1.68625700,1.73352407
formalfull|weight_sensitivity|GTO|GTO|W2_energy_priority|default_4_to_1|NONE|N100,1,42.13980263,118.64707827,141.59645601,1.89680580,1.64706403
formalfull|weight_sensitivity|GTO|GTO|W2_energy_priority|default_4_to_1|NONE|N1000,1,342.14862682,1000.45601012,1289.89716765,1.65205083,1.58815582
formalfull|weight_sensitivity|GTO|GTO|W2_energy_priority|default_4_to_1|NONE|N300,1,107.01778656,307.72425505,384.22663449,1.75339011,1.63061153
formalfull|weight_sensitivity|GTO|GTO|W2_energy_priority|default_4_to_1|NONE|N500,1,179.23684211,519.02112991,657.28897594,1.70962349,1.61329894
formalfull|weight_sensitivity|GTO|GTO|W2_energy_priority|default_4_to_1|NONE|N800,1,287.86234177,836.81159541,1066.00089009,1.68625700,1.60681693
formalfull|weight_sensitivity|GTO|GTO|W3_cost_priority|default_4_to_1|NONE|N100,1,42.13980263,118.64707827,141.59645601,1.89680580,1.39642125
formalfull|weight_sensitivity|GTO|GTO|W3_cost_priority|default_4_to_1|NONE|N1000,1,342.14862682,1000.45601012,1289.89716765,1.65205083,1.36337612
formalfull|weight_sensitivity|GTO|GTO|W3_cost_priority|default_4_to_1|NONE|N300,1,107.01778656,307.72425505,384.22663449,1.75339011,1.38876433
formalfull|weight_sensitivity|GTO|GTO|W3_cost_priority|default_4_to_1|NONE|N500,1,179.23684211,519.02112991,657.28897594,1.70962349,1.37846595
formalfull|weight_sensitivity|GTO|GTO|W3_cost_priority|default_4_to_1|NONE|N800,1,287.86234177,836.81159541,1066.00089009,1.68625700,1.37462854
formalfull|weight_sensitivity|GTO|GTO|W4_balance_priority|default_4_to_1|NONE|N100,1,44.69327731,125.10851227,143.65150717,1.93996286,1.74516542
formalfull|weight_sensitivity|GTO|GTO|W4_balance_priority|default_4_to_1|NONE|N1000,1,343.12974684,999.47171187,1284.44623074,1.67441613,1.60987653
formalfull|weight_sensitivity|GTO|GTO|W4_balance_priority|default_4_to_1|NONE|N300,1,107.77867528,310.31229993,386.03178256,1.74521025,1.66363439
formalfull|weight_sensitivity|GTO|GTO|W4_balance_priority|default_4_to_1|NONE|N500,1,176.19778481,511.52769871,655.19726464,1.69415627,1.61959820
formalfull|weight_sensitivity|GTO|GTO|W4_balance_priority|default_4_to_1|NONE|N800,1,291.18750000,843.74778357,1066.01668542,1.70567218,1.63949642
formalfull|weight_sensitivity|GWO|GWO|W0_equal|default_4_to_1|NONE|N100,1,41.89342105,118.26618481,141.83477872,1.87765864,1.62037014
formalfull|weight_sensitivity|GWO|GWO|W0_equal|default_4_to_1|NONE|N1000,1,342.91922456,1000.62619221,1287.31375390,1.66407464,1.56818449
formalfull|weight_sensitivity|GWO|GWO|W0_equal|default_4_to_1|NONE|N300,1,110.36510501,316.43446662,387.35257113,1.77193264,1.64616388
formalfull|weight_sensitivity|GWO|GWO|W0_equal|default_4_to_1|NONE|N500,1,169.49683544,498.53570909,656.94024345,1.61887388,1.52728659
formalfull|weight_sensitivity|GWO|GWO|W0_equal|default_4_to_1|NONE|N800,1,290.29440789,841.95853954,1066.14514156,1.69992912,1.59469601
formalfull|weight_sensitivity|GWO|GWO|W1_makespan_priority|default_4_to_1|NONE|N100,1,41.89342105,118.26618481,141.83477872,1.87765864,1.77297921
formalfull|weight_sensitivity|GWO|GWO|W1_makespan_priority|default_4_to_1|NONE|N1000,1,342.91922456,1000.62619221,1287.31375390,1.66407464,1.71294084
formalfull|weight_sensitivity|GWO|GWO|W1_makespan_priority|default_4_to_1|NONE|N300,1,108.97861842,312.26394899,385.04496409,1.77599187,1.79327800
formalfull|weight_sensitivity|GWO|GWO|W1_makespan_priority|default_4_to_1|NONE|N500,1,169.49683544,498.53570909,656.94024345,1.61887388,1.66084404
formalfull|weight_sensitivity|GWO|GWO|W1_makespan_priority|default_4_to_1|NONE|N800,1,290.17193676,839.46989515,1062.12484842,1.71536544,1.74671744
formalfull|weight_sensitivity|GWO|GWO|W2_energy_priority|default_4_to_1|NONE|N100,1,41.89342105,118.26618481,141.83477872,1.87765864,1.63991278
formalfull|weight_sensitivity|GWO|GWO|W2_energy_priority|default_4_to_1|NONE|N1000,1,339.06487342,994.92121114,1291.49860473,1.63211294,1.57782777
formalfull|weight_sensitivity|GWO|GWO|W2_energy_priority|default_4_to_1|NONE|N300,1,108.97861842,312.26394899,385.04496409,1.77599187,1.65325493
formalfull|weight_sensitivity|GWO|GWO|W2_energy_priority|default_4_to_1|NONE|N500,1,169.49683544,498.53570909,656.94024345,1.61887388,1.54792638
formalfull|weight_sensitivity|GWO|GWO|W2_energy_priority|default_4_to_1|NONE|N800,1,290.17193676,839.46989515,1062.12484842,1.71536544,1.61581406
formalfull|weight_sensitivity|GWO|GWO|W3_cost_priority|default_4_to_1|NONE|N100,1,41.89342105,118.26618481,141.83477872,1.87765864,1.39212595
formalfull|weight_sensitivity|GWO|GWO|W3_cost_priority|default_4_to_1|NONE|N1000,1,339.06487342,994.92121114,1291.49860473,1.63211294,1.35716801
formalfull|weight_sensitivity|GWO|GWO|W3_cost_priority|default_4_to_1|NONE|N300,1,108.97861842,312.26394899,385.04496409,1.77599187,1.40251919
formalfull|weight_sensitivity|GWO|GWO|W3_cost_priority|default_4_to_1|NONE|N500,1,169.49683544,498.53570909,656.94024345,1.61887388,1.33882045
formalfull|weight_sensitivity|GWO|GWO|W3_cost_priority|default_4_to_1|NONE|N800,1,290.17193676,839.46989515,1062.12484842,1.71536544,1.38000035
formalfull|weight_sensitivity|GWO|GWO|W4_balance_priority|default_4_to_1|NONE|N100,1,41.06718346,116.61002115,141.95207509,1.83676426,1.64607450
formalfull|weight_sensitivity|GWO|GWO|W4_balance_priority|default_4_to_1|NONE|N1000,1,342.91922456,1000.62619221,1287.31375390,1.66407464,1.60466205
formalfull|weight_sensitivity|GWO|GWO|W4_balance_priority|default_4_to_1|NONE|N300,1,104.70104634,303.21817883,384.80347313,1.70897183,1.62900671
formalfull|weight_sensitivity|GWO|GWO|W4_balance_priority|default_4_to_1|NONE|N500,1,169.49683544,498.53570909,656.94024345,1.61887388,1.56155546
formalfull|weight_sensitivity|GWO|GWO|W4_balance_priority|default_4_to_1|NONE|N800,1,291.29487179,844.61212273,1067.16985169,1.70170323,1.63785503
formalfull|weight_sensitivity|HHO|HHO|W0_equal|default_4_to_1|NONE|N100,1,40.26706231,114.67347511,141.46674652,1.81675247,1.57330582
formalfull|weight_sensitivity|HHO|HHO|W0_equal|default_4_to_1|NONE|N1000,1,341.81844802,997.70013276,1286.17475887,1.66240829,1.56479873
formalfull|weight_sensitivity|HHO|HHO|W0_equal|default_4_to_1|NONE|N300,1,106.35917722,305.22135489,382.19119925,1.76615909,1.60740297
formalfull|weight_sensitivity|HHO|HHO|W0_equal|default_4_to_1|NONE|N500,1,174.16600791,506.86245015,654.41898062,1.67964827,1.56082175
formalfull|weight_sensitivity|HHO|HHO|W0_equal|default_4_to_1|NONE|N800,1,286.98616601,831.05613905,1058.92672775,1.70946011,1.58431374
formalfull|weight_sensitivity|HHO|HHO|W1_makespan_priority|default_4_to_1|NONE|N100,1,40.26706231,114.67347511,141.46674652,1.81675247,1.71365415
formalfull|weight_sensitivity|HHO|HHO|W1_makespan_priority|default_4_to_1|NONE|N1000,1,341.81844802,997.70013276,1286.17475887,1.66240829,1.70843116
formalfull|weight_sensitivity|HHO|HHO|W1_makespan_priority|default_4_to_1|NONE|N300,1,102.33227848,296.62440642,381.81756224,1.70351775,1.70032974
formalfull|weight_sensitivity|HHO|HHO|W1_makespan_priority|default_4_to_1|NONE|N500,1,174.16600791,506.86245015,654.41898062,1.67964827,1.70147330
formalfull|weight_sensitivity|HHO|HHO|W1_makespan_priority|default_4_to_1|NONE|N800,1,286.98616601,831.05613905,1058.92672775,1.70946011,1.73097211
formalfull|weight_sensitivity|HHO|HHO|W2_energy_priority|default_4_to_1|NONE|N100,1,40.32967033,115.20120700,142.18188386,1.79639275,1.59386678
formalfull|weight_sensitivity|HHO|HHO|W2_energy_priority|default_4_to_1|NONE|N1000,1,334.90468498,983.05418609,1285.73866630,1.63016670,1.56272152
formalfull|weight_sensitivity|HHO|HHO|W2_energy_priority|default_4_to_1|NONE|N300,1,102.33227848,296.62080423,381.81107831,1.70359130,1.57618345
formalfull|weight_sensitivity|HHO|HHO|W2_energy_priority|default_4_to_1|NONE|N500,1,174.16600791,506.86245015,654.41898062,1.67964827,1.57859595
formalfull|weight_sensitivity|HHO|HHO|W2_energy_priority|default_4_to_1|NONE|N800,1,288.74050633,838.23516647,1065.27020092,1.69430199,1.61034150
formalfull|weight_sensitivity|HHO|HHO|W3_cost_priority|default_4_to_1|NONE|N100,1,42.47916667,118.70104700,140.42098460,1.95342404,1.40214628
formalfull|weight_sensitivity|HHO|HHO|W3_cost_priority|default_4_to_1|NONE|N1000,1,334.90468498,983.05418609,1285.73866630,1.63016670,1.34786871
formalfull|weight_sensitivity|HHO|HHO|W3_cost_priority|default_4_to_1|NONE|N300,1,102.33227848,296.62080423,381.81107831,1.70359130,1.35562214
formalfull|weight_sensitivity|HHO|HHO|W3_cost_priority|default_4_to_1|NONE|N500,1,174.16600791,506.86245015,654.41898062,1.67964827,1.35732024
formalfull|weight_sensitivity|HHO|HHO|W3_cost_priority|default_4_to_1|NONE|N800,1,288.74050633,838.23516647,1065.27020092,1.69430199,1.37674650
formalfull|weight_sensitivity|HHO|HHO|W4_balance_priority|default_4_to_1|NONE|N100,1,42.65777080,120.12317691,142.31105294,1.89572979,1.69572105
formalfull|weight_sensitivity|HHO|HHO|W4_balance_priority|default_4_to_1|NONE|N1000,1,345.67974882,1005.82069275,1286.31188887,1.68073907,1.61727297
formalfull|weight_sensitivity|HHO|HHO|W4_balance_priority|default_4_to_1|NONE|N300,1,104.25198939,302.68757865,385.53235635,1.69358264,1.61922301
formalfull|weight_sensitivity|HHO|HHO|W4_balance_priority|default_4_to_1|NONE|N500,1,174.30921053,509.27776940,658.22954544,1.65667689,1.59561158
formalfull|weight_sensitivity|HHO|HHO|W4_balance_priority|default_4_to_1|NONE|N800,1,275.48552632,808.68681783,1061.78934840,1.62983901,1.57095252
formalfull|weight_sensitivity|LSCBO|LSCBO|W0_equal|default_4_to_1|LEVY|N100,1,27.53685897,84.69930486,135.25150259,1.39935784,1.20611792
formalfull|weight_sensitivity|LSCBO|LSCBO|W0_equal|default_4_to_1|LEVY|N1000,1,287.35263158,875.79230789,1270.98748578,1.44006440,1.38014837
formalfull|weight_sensitivity|LSCBO|LSCBO|W0_equal|default_4_to_1|LEVY|N300,1,78.25779376,242.30169186,374.31599373,1.37124707,1.28821743
formalfull|weight_sensitivity|LSCBO|LSCBO|W0_equal|default_4_to_1|LEVY|N500,1,135.59043928,420.84649020,644.24863507,1.36102438,1.30336921
formalfull|weight_sensitivity|LSCBO|LSCBO|W0_equal|default_4_to_1|LEVY|N800,1,239.36995153,728.25288423,1052.44167336,1.44820667,1.38626901
formalfull|weight_sensitivity|LSCBO|LSCBO|W1_makespan_priority|default_4_to_1|LEVY|N100,1,27.53685897,84.69930486,135.25150259,1.39935784,1.25001440
formalfull|weight_sensitivity|LSCBO|LSCBO|W1_makespan_priority|default_4_to_1|LEVY|N1000,1,287.35263158,875.79230789,1270.98748578,1.44006440,1.47501949
formalfull|weight_sensitivity|LSCBO|LSCBO|W1_makespan_priority|default_4_to_1|LEVY|N300,1,76.99325843,238.88990522,372.91678529,1.36245104,1.33925703
formalfull|weight_sensitivity|LSCBO|LSCBO|W1_makespan_priority|default_4_to_1|LEVY|N500,1,135.59043928,420.84649020,644.24863507,1.36102438,1.37756833
formalfull|weight_sensitivity|LSCBO|LSCBO|W1_makespan_priority|default_4_to_1|LEVY|N800,1,239.36995153,728.25288423,1052.44167336,1.44820667,1.48266542
formalfull|weight_sensitivity|LSCBO|LSCBO|W2_energy_priority|default_4_to_1|LEVY|N100,1,27.00747508,83.74950109,135.52704540,1.36481154,1.18613362
formalfull|weight_sensitivity|LSCBO|LSCBO|W2_energy_priority|default_4_to_1|LEVY|N1000,1,287.35263158,875.79230789,1270.98748578,1.44006440,1.39658392
formalfull|weight_sensitivity|LSCBO|LSCBO|W2_energy_priority|default_4_to_1|LEVY|N300,1,76.99325843,238.88990522,372.91678529,1.36245104,1.27972840
formalfull|weight_sensitivity|LSCBO|LSCBO|W2_energy_priority|default_4_to_1|LEVY|N500,1,136.52302632,421.94616358,642.73084575,1.37878791,1.32089813
formalfull|weight_sensitivity|LSCBO|LSCBO|W2_energy_priority|default_4_to_1|LEVY|N800,1,229.48430493,704.50967365,1046.77506908,1.40770206,1.36013107
formalfull|weight_sensitivity|LSCBO|LSCBO|W3_cost_priority|default_4_to_1|LEVY|N100,1,27.00747508,83.74950109,135.52704540,1.36481154,1.11454213
formalfull|weight_sensitivity|LSCBO|LSCBO|W3_cost_priority|default_4_to_1|LEVY|N1000,1,287.35263158,875.79230789,1270.98748578,1.44006440,1.24650090
formalfull|weight_sensitivity|LSCBO|LSCBO|W3_cost_priority|default_4_to_1|LEVY|N300,1,76.99325843,238.88990522,372.91678529,1.36245104,1.17386103
formalfull|weight_sensitivity|LSCBO|LSCBO|W3_cost_priority|default_4_to_1|LEVY|N500,1,136.52302632,421.94616358,642.73084575,1.37878791,1.19967986
formalfull|weight_sensitivity|LSCBO|LSCBO|W3_cost_priority|default_4_to_1|LEVY|N800,1,229.48430493,704.50967365,1046.77506908,1.40770206,1.22402252
formalfull|weight_sensitivity|LSCBO|LSCBO|W4_balance_priority|default_4_to_1|LEVY|N100,1,27.53685897,84.69930486,135.25150259,1.39935784,1.24851828
formalfull|weight_sensitivity|LSCBO|LSCBO|W4_balance_priority|default_4_to_1|LEVY|N1000,1,316.41581259,941.31904753,1279.94868833,1.55773175,1.50861710
formalfull|weight_sensitivity|LSCBO|LSCBO|W4_balance_priority|default_4_to_1|LEVY|N300,1,78.28404100,242.39208900,374.38028147,1.37108919,1.31724087
formalfull|weight_sensitivity|LSCBO|LSCBO|W4_balance_priority|default_4_to_1|LEVY|N500,1,141.28063241,434.48949178,647.46781367,1.40004512,1.36245485
formalfull|weight_sensitivity|LSCBO|LSCBO|W4_balance_priority|default_4_to_1|LEVY|N800,1,239.36995153,728.25288423,1052.44167336,1.44820667,1.40945911
formalfull|weight_sensitivity|PSO|PSO|W0_equal|default_4_to_1|NONE|N100,1,44.19901316,123.94830592,143.41662631,1.92636468,1.68230744
formalfull|weight_sensitivity|PSO|PSO|W0_equal|default_4_to_1|NONE|N1000,1,332.87747036,976.12264335,1280.86394419,1.63582505,1.53574420
formalfull|weight_sensitivity|PSO|PSO|W0_equal|default_4_to_1|NONE|N300,1,104.36510501,301.20766694,382.44433171,1.73013731,1.58393395
formalfull|weight_sensitivity|PSO|PSO|W0_equal|default_4_to_1|NONE|N500,1,168.07236842,494.47457580,654.97195485,1.61743130,1.51901035
formalfull|weight_sensitivity|PSO|PSO|W0_equal|default_4_to_1|NONE|N800,1,287.26494346,834.57701107,1064.21888197,1.68981334,1.58292969
formalfull|weight_sensitivity|PSO|PSO|W1_makespan_priority|default_4_to_1|NONE|N100,1,44.19901316,123.94830592,143.41662631,1.92636468,1.85421102
formalfull|weight_sensitivity|PSO|PSO|W1_makespan_priority|default_4_to_1|NONE|N1000,1,332.87747036,976.12264335,1280.86394419,1.63582505,1.67086919
formalfull|weight_sensitivity|PSO|PSO|W1_makespan_priority|default_4_to_1|NONE|N300,1,104.36510501,301.20766694,382.44433171,1.73013731,1.72911121
formalfull|weight_sensitivity|PSO|PSO|W1_makespan_priority|default_4_to_1|NONE|N500,1,168.07236842,494.47457580,654.97195485,1.61743130,1.64962169
formalfull|weight_sensitivity|PSO|PSO|W1_makespan_priority|default_4_to_1|NONE|N800,1,287.26494346,834.57701107,1064.21888197,1.68981334,1.73089974
formalfull|weight_sensitivity|PSO|PSO|W2_energy_priority|default_4_to_1|NONE|N100,1,44.14473684,124.36055873,144.36221755,1.89279633,1.70829412
formalfull|weight_sensitivity|PSO|PSO|W2_energy_priority|default_4_to_1|NONE|N1000,1,332.87747036,976.12264335,1280.86394419,1.63582505,1.55506792
formalfull|weight_sensitivity|PSO|PSO|W2_energy_priority|default_4_to_1|NONE|N300,1,104.36510501,301.20766694,382.44433171,1.73013731,1.59967901
formalfull|weight_sensitivity|PSO|PSO|W2_energy_priority|default_4_to_1|NONE|N500,1,168.07236842,494.47457580,654.97195485,1.61743130,1.53781592
formalfull|weight_sensitivity|PSO|PSO|W2_energy_priority|default_4_to_1|NONE|N800,1,287.26494346,834.57701107,1064.21888197,1.68981334,1.60406515
formalfull|weight_sensitivity|PSO|PSO|W3_cost_priority|default_4_to_1|NONE|N100,1,44.14473684,124.36055873,144.36221755,1.89279633,1.43358305
formalfull|weight_sensitivity|PSO|PSO|W3_cost_priority|default_4_to_1|NONE|N1000,1,332.87747036,976.12264335,1280.86394419,1.63582505,1.34310975
formalfull|weight_sensitivity|PSO|PSO|W3_cost_priority|default_4_to_1|NONE|N300,1,104.36510501,301.20766694,382.44433171,1.73013731,1.36992443
formalfull|weight_sensitivity|PSO|PSO|W3_cost_priority|default_4_to_1|NONE|N500,1,168.07236842,494.47457580,654.97195485,1.61743130,1.33258900
formalfull|weight_sensitivity|PSO|PSO|W3_cost_priority|default_4_to_1|NONE|N800,1,287.26494346,834.57701107,1064.21888197,1.68981334,1.37292010
formalfull|weight_sensitivity|PSO|PSO|W4_balance_priority|default_4_to_1|NONE|N100,1,43.08010336,121.32883223,142.89748541,1.89474660,1.70144478
formalfull|weight_sensitivity|PSO|PSO|W4_balance_priority|default_4_to_1|NONE|N1000,1,332.87747036,976.12264335,1280.86394419,1.63582505,1.57392993
formalfull|weight_sensitivity|PSO|PSO|W4_balance_priority|default_4_to_1|NONE|N300,1,105.82576867,306.64409580,386.75241493,1.70562664,1.63389964
formalfull|weight_sensitivity|PSO|PSO|W4_balance_priority|default_4_to_1|NONE|N500,1,168.07236842,494.47457580,654.97195485,1.61743130,1.55601480
formalfull|weight_sensitivity|PSO|PSO|W4_balance_priority|default_4_to_1|NONE|N800,1,287.26494346,834.57701107,1064.21888197,1.68981334,1.62383376
formalfull|weight_sensitivity|WOA|WOA|W0_equal|default_4_to_1|NONE|N100,1,42.38421053,119.84976796,142.84476785,1.86587038,1.63092647
formalfull|weight_sensitivity|WOA|WOA|W0_equal|default_4_to_1|NONE|N1000,1,345.29895366,1006.48530667,1288.93617578,1.67036232,1.57581133
formalfull|weight_sensitivity|WOA|WOA|W0_equal|default_4_to_1|NONE|N300,1,106.00316456,306.47673546,385.78593174,1.71919784,1.59825003
formalfull|weight_sensitivity|WOA|WOA|W0_equal|default_4_to_1|NONE|N500,1,172.42721519,504.11836954,656.00010822,1.65279848,1.54782338
formalfull|weight_sensitivity|WOA|WOA|W0_equal|default_4_to_1|NONE|N800,1,291.03392569,844.28247804,1067.55503915,1.69864989,1.59712302
formalfull|weight_sensitivity|WOA|WOA|W1_makespan_priority|default_4_to_1|NONE|N100,1,42.38421053,119.84976796,142.84476785,1.86587038,1.78869403
formalfull|weight_sensitivity|WOA|WOA|W1_makespan_priority|default_4_to_1|NONE|N1000,1,345.29895366,1006.48530667,1288.93617578,1.67036232,1.72287455
formalfull|weight_sensitivity|WOA|WOA|W1_makespan_priority|default_4_to_1|NONE|N300,1,106.00316456,306.47673546,385.78593174,1.71919784,1.74992373
formalfull|weight_sensitivity|WOA|WOA|W1_makespan_priority|default_4_to_1|NONE|N500,1,172.42721519,504.11836954,656.00010822,1.65279848,1.68603707
formalfull|weight_sensitivity|WOA|WOA|W1_makespan_priority|default_4_to_1|NONE|N800,1,289.00560224,841.31516251,1069.82008411,1.67793832,1.73844781
formalfull|weight_sensitivity|WOA|WOA|W2_energy_priority|default_4_to_1|NONE|N100,1,42.07594937,119.91870322,144.12483066,1.81146799,1.64728202
formalfull|weight_sensitivity|WOA|WOA|W2_energy_priority|default_4_to_1|NONE|N1000,1,345.29895366,1006.48530667,1288.93617578,1.67036232,1.59881723
formalfull|weight_sensitivity|WOA|WOA|W2_energy_priority|default_4_to_1|NONE|N300,1,106.00316456,306.47673546,385.78593174,1.71919784,1.61962728
formalfull|weight_sensitivity|WOA|WOA|W2_energy_priority|default_4_to_1|NONE|N500,1,172.42721519,504.11836954,656.00010822,1.65279848,1.56732068
formalfull|weight_sensitivity|WOA|WOA|W2_energy_priority|default_4_to_1|NONE|N800,1,289.00560224,841.31516251,1069.82008411,1.67793832,1.61216266
formalfull|weight_sensitivity|WOA|WOA|W3_cost_priority|default_4_to_1|NONE|N100,1,42.07594937,119.91870322,144.12483066,1.81146799,1.39694537
formalfull|weight_sensitivity|WOA|WOA|W3_cost_priority|default_4_to_1|NONE|N1000,1,345.29895366,1006.48530667,1288.93617578,1.67036232,1.36980743
formalfull|weight_sensitivity|WOA|WOA|W3_cost_priority|default_4_to_1|NONE|N300,1,106.00316456,306.47673546,385.78593174,1.71919784,1.38218002
formalfull|weight_sensitivity|WOA|WOA|W3_cost_priority|default_4_to_1|NONE|N500,1,172.42721519,504.11836954,656.00010822,1.65279848,1.35053797
formalfull|weight_sensitivity|WOA|WOA|W3_cost_priority|default_4_to_1|NONE|N800,1,289.00560224,841.31516251,1069.82008411,1.67793832,1.37796209
formalfull|weight_sensitivity|WOA|WOA|W4_balance_priority|default_4_to_1|NONE|N100,1,42.38947368,120.07301198,143.22687025,1.85362996,1.67299710
formalfull|weight_sensitivity|WOA|WOA|W4_balance_priority|default_4_to_1|NONE|N1000,1,345.29895366,1006.48530667,1288.93617578,1.67036232,1.61174613
formalfull|weight_sensitivity|WOA|WOA|W4_balance_priority|default_4_to_1|NONE|N300,1,106.00316456,306.47673546,385.78593174,1.71919784,1.64126910
formalfull|weight_sensitivity|WOA|WOA|W4_balance_priority|default_4_to_1|NONE|N500,1,172.42721519,504.11836954,656.00010822,1.65279848,1.58739780
formalfull|weight_sensitivity|WOA|WOA|W4_balance_priority|default_4_to_1|NONE|N800,1,291.03392569,844.28247804,1067.55503915,1.69864989,1.63587472
